Title;URL handle;Description;Vendor;Product category;Type;Tags;Published on online store;Status;SKU;Barcode;Option1 name;Option1 value;Option1 Linked To;Option2 name;Option2 value;Option2 Linked To;Option3 name;Option3 value;Option3 Linked To;Price;Compare-at price;Cost per item;Charge tax;Tax code;Unit price total measure;Unit price total measure unit;Unit price base measure;Unit price base measure unit;Inventory tracker;Inventory quantity;Continue selling when out of stock;Weight value (grams);Weight unit for display;Requires shipping;Fulfillment service;Product image URL;Image position;Image alt text;Variant image URL;Gift card;SEO title;SEO description;Color (product.metafields.shopify.color-pattern);Google Shopping / Google product category;Google Shopping / Gender;Google Shopping / Age group;Google Shopping / Manufacturer part number (MPN);Google Shopping / Ad group name;Google Shopping / Ads labels;Google Shopping / Condition;Google Shopping / Custom product;Google Shopping / Custom label 0;Google Shopping / Custom label 1;Google Shopping / Custom label 2;Google Shopping / Custom label 3;Google Shopping / Custom label 4
BlueHarbor StormGlow 600 Camping Lantern;stormglow-600-camping-lantern;A rechargeable 600-lumen camping lantern with warm and cool light modes, USB-C charging, IPX6 water resistance, and up to 40 hours of runtime on low.;BlueHarbor Outdoor;Sporting Goods > Outdoor Recreation > Camping & Hiking > Camping Lights & Lanterns;Camping Lantern;Camping, Lantern, Rechargeable, Waterproof, USB-C, Emergency;TRUE;Active;BH-LTN-600-BLU;;Color;Ocean Blue;;;;;;;;4999;5999;245;TRUE;;;;;;shopify;28;DENY;520;g;TRUE;manual;https://cdn.shopify.com/s/files/1/0980/0053/5736/files/BH-LTN-600-BLU.jpg?v=1788461540;;BlueHarbor StormGlow rechargeable camping lantern;;FALSE;StormGlow 600 Rechargeable Camping Lantern;Light up camp with 600 lumens, USB-C charging, IPX6 weather protection and long battery life.;"ocean blue; forest green; graphite";Sporting Goods > Outdoor Recreation > Camping & Hiking > Camping Lights & Lanterns;Unisex;Adult (13+ years old);BH-LTN-600-BLU;Camping Lighting;Rechargeable Lantern, Waterproof Gear;New;FALSE;Best Seller;;;;
;stormglow-600-camping-lantern;;;;;;;;BH-LTN-600-GRN;;;Forest Green;;;;;;;;4999;5999;245;TRUE;;;;;;shopify;24;DENY;520;g;TRUE;manual;https://cdn.shopify.com/s/files/1/0980/0053/5736/files/BH-LTN-600-GRN.jpg?v=1788461642;;;;FALSE;;;;;;;;;;;;;;;;
;stormglow-600-camping-lantern;;;;;;;;BH-LTN-600-GRY;;;Graphite;;;;;;;;4999;5999;245;TRUE;;;;;;shopify;31;DENY;520;g;TRUE;manual;https://cdn.shopify.com/s/files/1/0980/0053/5736/files/BH-LTN-600-GRY.jpg?v=1788461544;;;;FALSE;;;;;;;;;;;;;;;;
BlueHarbor TrailSip Insulated Bottle;trailsip-insulated-bottle;Double-wall stainless-steel bottle that keeps drinks cold for 24 hours or hot for 12 hours. The leak-resistant lid and powder-coated grip are made for daily hikes.;BlueHarbor Outdoor;Sporting Goods > Outdoor Recreation > Camping & Hiking > Hydration;Insulated Water Bottle;Hiking, Hydration, Stainless Steel, Insulated, BPA-Free;TRUE;Active;BH-BTL-750-BLU;;Size;750 ml;;Color;Tide Blue;;;;;2999;3499;132;TRUE;;;;;;shopify;45;DENY;380;g;TRUE;manual;https://cdn.shopify.com/s/files/1/0980/0053/5736/files/BH-BTL-750-BLU.jpg?v=1788461545;;BlueHarbor TrailSip insulated hiking bottle;;FALSE;TrailSip Insulated Hiking Water Bottle;A leak-resistant stainless-steel trail bottle with 24-hour cold insulation in 750 ml and 1 L sizes.;"tide blue; sand; pine green";Sporting Goods > Outdoor Recreation > Camping & Hiking > Hydration;Unisex;Adult (13+ years old);BH-BTL-750-BLU;Hiking Hydration;Insulated Bottle, Trail Essentials;New;FALSE;Core Outdoor Gear;;;;
;trailsip-insulated-bottle;;;;;;;;BH-BTL-750-SND;;;750 ml;;;Sand;;;;;2999;3499;132;TRUE;;;;;;shopify;38;DENY;380;g;TRUE;manual;https://cdn.shopify.com/s/files/1/0980/0053/5736/files/BH-BTL-750-SND.jpg?v=1788461544;;;;FALSE;;;;;;;;;;;;;;;;
;trailsip-insulated-bottle;;;;;;;;BH-BTL-750-GRN;;;750 ml;;;Pine Green;;;;;2999;3499;132;TRUE;;;;;;shopify;41;DENY;380;g;TRUE;manual;https://cdn.shopify.com/s/files/1/0980/0053/5736/files/BH-BTL-750-GRN.jpg?v=1788461544;;;;FALSE;;;;;;;;;;;;;;;;
;trailsip-insulated-bottle;;;;;;;;BH-BTL-1000-BLU;;;1 L;;;Tide Blue;;;;;3499;3999;154;TRUE;;;;;;shopify;29;DENY;465;g;TRUE;manual;https://cdn.shopify.com/s/files/1/0980/0053/5736/files/BH-BTL-1000-BLU.jpg?v=1788461544;;;;FALSE;;;;;;;;;;;;;;;;
;trailsip-insulated-bottle;;;;;;;;BH-BTL-1000-GRN;;;1 L;;;Pine Green;;;;;3499;3999;154;TRUE;;;;;;shopify;26;DENY;465;g;TRUE;manual;https://cdn.shopify.com/s/files/1/0980/0053/5736/files/BH-BTL-1000-GRN.jpg?v=1788461541;;;;FALSE;;;;;;;;;;;;;;;;
BlueHarbor RainRidge 28L Waterproof Backpack;rainridge-28l-waterproof-backpack;A seam-sealed 28-liter daypack with a roll-top closure, ventilated back panel, hydration sleeve, and reflective details for wet-weather hikes and commutes.;BlueHarbor Outdoor;Luggage & Bags > Backpacks;Hiking Backpack;Backpack, Hiking, Waterproof, Roll-Top, 28L, Daypack;TRUE;Active;BH-BPK-28-NVY;;Color;Deep Navy;;;;;;;;8999;10999;43;TRUE;;;;;;shopify;18;DENY;920;g;TRUE;manual;https://cdn.shopify.com/s/files/1/0980/0053/5736/files/BH-BPK-28-NVY.jpg?v=1788461544;;BlueHarbor RainRidge waterproof 28 liter backpack;;FALSE;RainRidge 28L Waterproof Hiking Backpack;A waterproof roll-top hiking daypack with 28 L capacity, hydration compatibility and reflective trail details.;"deep navy; alpine green; ember orange";Luggage & Bags > Backpacks;Unisex;Adult (13+ years old);BH-BPK-28-NVY;Hiking Backpacks;Waterproof Backpack, Day Hiking;New;FALSE;Featured;;;;
;rainridge-28l-waterproof-backpack;;;;;;;;BH-BPK-28-GRN;;;Alpine Green;;;;;;;;8999;10999;43;TRUE;;;;;;shopify;16;DENY;920;g;TRUE;manual;https://cdn.shopify.com/s/files/1/0980/0053/5736/files/BH-BPK-28-GRN.jpg?v=1788461544;;;;FALSE;;;;;;;;;;;;;;;;
;rainridge-28l-waterproof-backpack;;;;;;;;BH-BPK-28-ORG;;;Ember Orange;;;;;;;;8999;10999;43;TRUE;;;;;;shopify;12;DENY;920;g;TRUE;manual;https://cdn.shopify.com/s/files/1/0980/0053/5736/files/BH-BPK-28-ORG.jpg?v=1788461549;;;;FALSE;;;;;;;;;;;;;;;;
BlueHarbor NightPath 350 Headlamp;nightpath-350-headlamp;A lightweight 350-lumen headlamp with spot, flood, red-light, and lock modes. USB-C rechargeable and IPX5 rated for dependable after-dark trail use.;BlueHarbor Outdoor;Sporting Goods > Outdoor Recreation > Camping & Hiking > Headlamps;Headlamp;Headlamp, Hiking, Rechargeable, Red Light, USB-C;TRUE;Active;BH-HDL-350-BLK;;Color;Black;;;;;;;;3299;3999;148;TRUE;;;;;;shopify;34;DENY;96;g;TRUE;manual;https://cdn.shopify.com/s/files/1/0980/0053/5736/files/BH-HDL-350-BLK.jpg?v=1788461546;;BlueHarbor NightPath USB-C rechargeable headlamp;;FALSE;NightPath 350 Rechargeable Hiking Headlamp;A compact 350-lumen USB-C headlamp with red-light mode and IPX5 weather resistance.;"black; coastal blue";Sporting Goods > Outdoor Recreation > Camping & Hiking > Headlamps;Unisex;Adult (13+ years old);BH-HDL-350-BLK;Trail Lighting;Rechargeable Headlamp, Night Hiking;New;FALSE;Core Outdoor Gear;;;;
;nightpath-350-headlamp;;;;;;;;BH-HDL-350-BLU;;;Coastal Blue;;;;;;;;3299;3999;148;TRUE;;;;;;shopify;27;DENY;96;g;TRUE;manual;https://cdn.shopify.com/s/files/1/0980/0053/5736/files/BH-HDL-350-BLU.jpg?v=1788461549;;;;FALSE;;;;;;;;;;;;;;;;
BlueHarbor DriftNest Camping Hammock;driftnest-camping-hammock;A two-person ripstop nylon hammock with tree-friendly straps, aluminum carabiners, and an integrated stuff sack. Supports up to 200 kg.;BlueHarbor Outdoor;Sporting Goods > Outdoor Recreation > Camping & Hiking > Camping Furniture > Hammocks;Camping Hammock;Hammock, Camping, Lightweight, Two Person, Ripstop;TRUE;Active;BH-HMK-2P-BLU;;Color;Lagoon Blue;;;;;;;;4499;5499;203;TRUE;;;;;;shopify;22;DENY;780;g;TRUE;manual;https://cdn.shopify.com/s/files/1/0980/0053/5736/files/BH-HMK-2P-BLU.jpg?v=1788461547;;BlueHarbor DriftNest two-person camping hammock;;FALSE;DriftNest Lightweight Two-Person Camping Hammock;A packable two-person ripstop hammock with tree-friendly straps and a 200 kg capacity.;"lagoon blue; moss green";Sporting Goods > Outdoor Recreation > Camping & Hiking > Camping Furniture > Hammocks;Unisex;Adult (13+ years old);BH-HMK-2P-BLU;Camping Comfort;Camping Hammock, Lightweight Gear;New;FALSE;Core Outdoor Gear;;;;
;driftnest-camping-hammock;;;;;;;;BH-HMK-2P-GRN;;;Moss Green;;;;;;;;4499;5499;203;TRUE;;;;;;shopify;20;DENY;780;g;TRUE;manual;https://cdn.shopify.com/s/files/1/0980/0053/5736/files/BH-HMK-2P-GRN.jpg?v=1788461642;;;;FALSE;;;;;;;;;;;;;;;;
BlueHarbor SummitStep Trekking Poles;summitstep-trekking-poles;A pair of adjustable aluminum trekking poles with quick-lock levers, cork-blend grips, carbide tips, and interchangeable trail baskets.;BlueHarbor Outdoor;Sporting Goods > Outdoor Recreation > Camping & Hiking > Hiking Poles;Trekking Poles;Trekking Poles, Hiking, Adjustable, Aluminum, Trail;TRUE;Active;BH-TRK-ALU-SLT;;Color;Slate;;;;;;;;5999;6999;28;TRUE;;;;;;shopify;19;DENY;560;g;TRUE;manual;https://cdn.shopify.com/s/files/1/0980/0053/5736/files/BH-TRK-ALU-SLT.jpg?v=1788461548;;BlueHarbor SummitStep adjustable trekking pole pair;;FALSE;SummitStep Adjustable Aluminum Trekking Poles;Quick-lock aluminum hiking poles with cork-blend grips, carbide tips and trail baskets.;"slate; ocean blue";Sporting Goods > Outdoor Recreation > Camping & Hiking > Hiking Poles;Unisex;Adult (13+ years old);BH-TRK-ALU-SLT;Hiking Accessories;Trekking Poles, Trail Support;New;FALSE;Core Outdoor Gear;;;;
;summitstep-trekking-poles;;;;;;;;BH-TRK-ALU-BLU;;;Ocean Blue;;;;;;;;5999;6999;28;TRUE;;;;;;shopify;17;DENY;560;g;TRUE;manual;https://cdn.shopify.com/s/files/1/0980/0053/5736/files/BH-TRK-ALU-BLU.jpg?v=1788461546;;;;FALSE;;;;;;;;;;;;;;;;
BlueHarbor TrailReady First Aid Kit;trailready-first-aid-kit;A compact 85-piece first aid kit organized in labeled waterproof pouches for day hikes, camping weekends, and vehicle emergency storage.;BlueHarbor Outdoor;Health & Beauty > Health Care > First Aid;First Aid Kit;First Aid, Safety, Hiking, Camping, Emergency Kit;TRUE;Active;BH-FAK-085;;Title;Default Title;;;;;;;;2799;3299;126;TRUE;;;;;;shopify;36;DENY;420;g;TRUE;manual;https://cdn.shopify.com/s/files/1/0980/0053/5736/files/BH-FAK-085.jpg?v=1788461543;;BlueHarbor TrailReady compact first aid kit;;FALSE;TrailReady 85-Piece Hiking First Aid Kit;A compact, organized 85-piece first aid kit in water-resistant pouches for hiking and camping.;;Health & Beauty > Health Care > First Aid;Unisex;Adult (13+ years old);BH-FAK-085;Outdoor Safety;First Aid Kit, Emergency Gear;New;FALSE;Safety Essential;;;;
BlueHarbor Weekend Camping Checklist;weekend-camping-checklist-digital;A downloadable, print-friendly camping checklist covering shelter, cooking, clothing, safety, campsite setup, and leave-no-trace reminders.;BlueHarbor Outdoor;Software > Digital Goods & Currency > Digital Documents;Digital Checklist;Digital Download, Camping Checklist, Trip Planning, Beginner Camping;TRUE;Active;BH-DIG-CHK-WKD;;Title;Default Title;;;;;;;;499;;2;FALSE;;;;;;;;;0;g;FALSE;manual;https://cdn.shopify.com/s/files/1/0980/0053/5736/files/BH-DIG-CHK-WKD.jpg?v=1788461547;;BlueHarbor printable weekend camping checklist;;FALSE;Weekend Camping Checklist Digital Download;Plan a stress-free camping trip with a printable checklist for gear, food, safety and campsite setup.;;Software > Digital Goods & Currency > Digital Documents;Unisex;Adult (13+ years old);BH-DIG-CHK-WKD;Camping Planning;Digital Checklist, Camping Guide;New;FALSE;Digital Product;;;;
